Feature,KS,is_rosetta,topology,P-value
n_hydrophobic_noA,0.7063366487789224,True,EEHEE,2.6137532209460513e-223
total_score,0.7052079496583888,True,EEHEE,1.3459069140594472e-222
contig_not_hp_avg,0.6950326122158891,True,EEHEE,3.1198419349608936e-216
score_per_res,0.6947131970347007,True,EEHEE,4.925418870127914e-216
net_atr_net_sol_per_res,0.6831256887621439,True,EEHEE,6.682986540077277e-209
exposed_np_AFILMVWY,0.663757345252238,True,EEHEE,3.0132306658830555e-197
buried_np_AFILMVWY,0.6600522032607028,True,EEHEE,4.680034284501371e-195
largest_hphob_cluster,0.6535846016685182,True,EEHEE,2.922729302096947e-191
fa_atr,0.6472759665644192,True,EEHEE,1.3552844743047616e-187
exposed_hydrophobics,0.6371543590537899,True,EEHEE,8.707133623975127e-182
buried_np_AFILMVWY_per_res,0.6358474247799482,True,EEHEE,4.820920789372432e-181
net_atr_per_res,0.6255475821160107,True,EEHEE,3.070814694402883e-175
contig_not_hp_avg_norm,0.621270308987869,True,EEHEE,7.408154360344711e-173
hphob_sc_contacts,0.6131355973026833,True,EEHEE,2.2681254572453363e-168
n_hydrophobic,0.6052313684976592,True,EEHEE,4.5486934078753435e-164
buried_np_AFILMVWY_per_res,0.5987427365321316,True,EHEE,9.27759079238049e-170
buried_np_AFILMVWY,0.5987427365321316,True,EHEE,9.27759079238049e-170
contact_core_SCN,0.595375446236348,True,EEHEE,8.794305490105798e-159
contact_core_SASA,0.595375446236348,True,EEHEE,8.794305490105798e-159
contact_all,0.595375446236348,True,EEHEE,8.794305490105798e-159
buried_np,0.5922179789986372,True,EEHEE,4.162765867641811e-157
n_hydrophobic_noA,0.5795257974122798,True,EHEE,4.599274127715565e-159
frac_helix,0.5766996630206893,True,EEHEE,5.285473810041135e-149
nres_helix,0.5766996630206893,True,EEHEE,5.285473810041135e-149
fa_atr_per_res,0.5764250845412686,True,EEHEE,7.32035645345004e-149
n_hydrophobic,0.5754427231275625,True,EHEE,7.766068852098776e-157
net_atr_net_sol_per_res,0.5745217848074635,True,HHH,3.219646771412954e-15
n_res,0.5724494401341099,True,EEHEE,8.03572612531995e-147
nres,0.5724494401341099,True,EEHEE,8.03572612531995e-147
exposed_np_AFILMVWY,0.5691250220749847,True,EHEE,2.02195371235521e-153
net_atr_net_sol_per_res,0.5662212307096549,True,EHEE,7.2948116801346135e-152
hydrophobicity,0.5653972752553783,True,EHEE,2.0110989042738436e-151
frac_sheet,0.5634372630787918,True,EEHEE,3.0075978844547246e-142
total_score,0.5574605804077647,True,HHH,3.219646771412954e-15
score_per_res,0.5567176383572446,True,HHH,3.219646771412954e-15
hbond_sr_bb,0.5565476036079835,True,EEHEE,8.421839400707772e-139
total_score,0.5526618708097424,True,EHEE,1.0694840856683786e-144
score_per_res,0.5522613295204781,True,EHEE,1.7306944108196454e-144
contig_not_hp_avg,0.5466260912489441,True,EHEE,1.4562481740518417e-141
fxn_exposed_is_np,0.5427245596183619,True,EEHEE,5.173107229171629e-132
p_aa_pp,0.5403993504977616,True,EEHEE,6.900202254085065e-131
hphob_sc_contacts,0.5394612710858597,True,HHH,3.219646771412954e-15
net_sol_per_res,0.5355831532762885,True,HHH,3.219646771412954e-15
n_hydrophobic_noA,0.5334965644718893,True,HHH,3.219646771412954e-15
largest_hphob_cluster,0.529813609534004,True,HHH,3.219646771412954e-15
p_aa_pp,0.5207728265980693,True,EHEE,1.5777824131183901e-128
avg_best_frag,0.5204833322340313,True,EEHEE,1.8959929655285701e-121
contig_not_hp_avg,0.5183744189769761,True,HHH,3.219646771412954e-15
hydrophobicity,0.5182555780933062,True,EEHEE,2.0493582570016654e-120
rama_prepro,0.5172498718055103,True,EHEE,8.421354529077207e-127
buried_np_AFILMVWY,0.5146444926360748,True,HHH,3.219646771412954e-15
buried_np_AFILMVWY_per_res,0.5146444926360748,True,HHH,3.219646771412954e-15
chymo_with_LM_cut_sites,0.5144274130853506,True,EEHEE,1.1959335785472192e-118
avg_all_frags,0.5135477244076924,True,EEHEE,3.031749366591065e-118
nres_sheet,0.511820214460244,True,EEHEE,1.875076324532841e-117
largest_hphob_cluster,0.502816555281081,True,EHEE,7.581279146229696e-120
ref,0.4982962367204339,True,EHEE,1.0406016918360618e-117
fa_dun_dev,0.49381735232235585,True,EEHEE,2.2959393680935357e-109
fa_sol,0.4918237448110488,True,EHEE,1.1075184497038675e-114
buried_np_per_res,0.49157959329776535,True,EEHEE,2.218495341375138e-108
hphob_sc_degree,0.4911753303545084,True,HHH,3.219646771412954e-15
lk_ball,0.48741779062914237,True,EHEE,1.2086366589881688e-112
net_sol_per_res,0.48540604141799065,True,EHEE,1.0155903672065578e-111
exposed_hydrophobics,0.4849874145990651,True,EHEE,1.5797996862346568e-111
hydrophobicity,0.4839629044998604,True,HHH,3.219646771412954e-15
buried_np_per_res,0.4737855566832415,True,EHEE,1.8691492562407565e-106
buried_np,0.4737855566832415,True,EHEE,1.8691492562407565e-106
hphob_sc_contacts,0.4697306745477022,True,EHEE,1.1988847183954972e-104
worst6frags,0.46854686843429494,True,EEHEE,1.6804140870797377e-98
sum_best_frags,0.46629614011580467,True,EEHEE,1.4634982406341549e-97
omega,0.46438520729748817,True,EEHEE,9.118132385845658e-97
AlaCount,0.4588543740961313,True,HHH,3.219646771412954e-15
fa_dun_dev,0.4556933971438741,True,HHH,3.219646771412954e-15
contig_not_hp_max,0.43749763773575395,True,EEHEE,6.2101570131690494e-86
contig_not_hp_internal_max,0.43364242248623586,True,EEHEE,1.965391571014684e-84
contig_not_hp_max,0.430095967207345,True,HHH,3.219646771412954e-15
hxl_tors,0.426806492947298,True,EEHEE,8.339888439897945e-82
buried_np,0.4250336407865262,True,HHH,3.219646771412954e-15
buried_np_per_res,0.4250336407865262,True,HHH,3.219646771412954e-15
fa_intra_rep_xover4,0.4242688669571396,True,HHH,3.219646771412954e-15
net_sol_per_res,0.423055032048978,True,EEHEE,2.215475953342969e-80
omega,0.42299865436853895,True,HHH,3.219646771412954e-15
lk_ball_iso,0.42207529453266446,True,EEHEE,5.192428066788542e-80
pro_close,0.41080571923627907,True,EEHEE,8.101574378964592e-76
n_hphob_clusters,0.40757006568391535,True,EEHEE,1.2346064825871276e-74
contig_not_hp_internal_max,0.4065480782080476,True,HHH,3.219646771412954e-15
net_atr_per_res,0.40635259548627733,True,EHEE,2.0215482729954255e-78
lk_ball_iso,0.4062839768590329,True,EHEE,2.1479453164542075e-78
worstfrag,0.403689282397852,True,EEHEE,3.147822032792784e-73
hxl_tors,0.40236101270455266,True,EHEE,6.76780247184716e-77
rama_prepro,0.4022848931441348,True,EEHEE,1.0085001523074321e-72
fa_dun_semi,0.40029058629360553,True,EEHEE,5.232630409764768e-72
fa_sol,0.3990935180786976,True,HHH,3.219646771412954e-15
mismatch_probability,0.3982098517199339,True,EHEE,2.5130609003426546e-75
buried_over_exposed,0.39792424598378023,True,EEHEE,3.652113033457183e-71
fa_intra_atr_xover4,0.39127581537950745,True,EEHEE,8.064243457728912e-69
SumE_entropies,0.39069367935903526,False,EEHEE,1.2880281830311696e-68
n_hphob_clusters,0.39066712199647224,True,EHEE,1.6248454115106836e-72
avg_all_frags,0.39048385837658894,True,HHH,3.219646771412954e-15
fxn_exposed_is_np,0.3880548268150957,True,EHEE,1.484868164915698e-71
res_count_core_SASA,0.38740623912545863,True,HHH,3.219646771412954e-15
percent_core_SASA,0.38740623912545863,True,HHH,3.219646771412954e-15
mismatch_probability,0.3871552854319257,True,EEHEE,2.185265958745155e-67
fa_intra_elec,0.3868948462447356,True,HHH,3.219646771412954e-15
nearest_tryp_cut_to_Nterm,0.3791239575466839,True,EEHEE,1.2270157618974555e-64
lk_ball_iso,0.3725897385346775,True,HHH,3.219646771412954e-15
p_aa_pp,0.372558644789019,True,HHH,3.219646771412954e-15
helix_sc,0.37236287936111034,True,EEHEE,2.2838874764896885e-62
abego_res_profile,0.37055335337635564,True,EHEE,2.772981900775139e-65
hbond_sr_bb,0.3682319831590981,True,HHH,3.219646771412954e-15
lk_ball,0.36699418745426904,True,HHH,3.219646771412954e-15
n_hydrophobic,0.3658675353509425,True,HHH,3.219646771412954e-15
chymo_cut_sites,0.35886036220644,True,EEHEE,5.881636787993922e-58
Mean_E_entropy,0.3523542232838104,False,EEHEE,6.865644047097159e-56
fa_elec,0.34650279049084126,True,EHEE,3.880462618736455e-57
fa_rep,0.3449825421446034,True,EHEE,1.2173914075133156e-56
fa_rep_per_res,0.343503252203775,True,EHEE,3.685557067841804e-56
ref,0.3342839208176436,True,EEHEE,2.397314361580877e-50
exposed_total,0.3287023072744399,True,EEHEE,1.0787020346012944e-48
fa_dun_dev,0.327381066365383,True,EHEE,4.7367757592467824e-51
buried_minus_exposed,0.32715451468531676,True,EEHEE,3.064791547370354e-48
SumH_entropies,0.3263129927868493,False,EEHEE,5.395933102175521e-48
percent_core_SCN,0.32582143721908124,True,HHH,3.219646771412954e-15
res_count_core_SCN,0.32582143721908124,True,HHH,3.219646771412954e-15
hbond_lr_bb_per_sheet,0.3249701150413424,True,EEHEE,1.3267301587854969e-47
chymo_with_LM_cut_sites,0.3246363212756043,True,EHEE,3.3174776610212023e-50
hbond_bb_sc,0.32431504447728765,True,HHH,3.219646771412954e-15
ss_sc,0.3234660475002242,True,EEHEE,3.61813334798626e-47
hbond_bb_sc,0.3202737484446111,True,EEHEE,2.9959872054077243e-46
buried_over_exposed,0.31796808010400246,True,EHEE,3.506235557392225e-48
contact_core_SASA,0.3165905641728601,True,HHH,3.219646771412954e-15
contact_core_SCN,0.3165905641728601,True,HHH,3.219646771412954e-15
contact_all,0.3165905641728601,True,HHH,3.219646771412954e-15
nearest_tryp_cut_to_term,0.31406367997415036,True,EEHEE,1.7233514780763614e-44
sum_best_frags,0.3107397194402422,True,EHEE,4.914075524154835e-46
avg_best_frag,0.30962001238326853,True,EHEE,1.0460324285843156e-45
buried_minus_exposed,0.3075072210262524,True,HHH,3.219646771412954e-15
fa_intra_sol_xover4,0.3068481389989978,True,EHEE,6.70935872596167e-45
fa_intra_elec,0.30463982047532834,True,EEHEE,6.936263210960478e-42
exposed_polars,0.3042500005558269,True,EEHEE,8.854471196521467e-42
Mean_H_entropy,0.2990867393787041,False,EEHEE,2.1819300317753546e-40
Mean_res_entropy,0.29643520129561685,False,HHH,3.219646771412954e-15
S_PC,0.29643520129561685,False,HHH,3.219646771412954e-15
frac_loop,0.29628426024259247,True,EEHEE,1.2140409099205909e-39
n_charged,0.29502711765594514,True,EHEE,1.539349902833786e-41
fa_atr,0.2943899394916031,True,HEEH,2.8805120511066207e-09
fa_atr_per_res,0.2939791775281609,True,HEEH,3.0514090143540784e-09
buried_np,0.2933314375088867,True,HEEH,3.34114547140274e-09
buried_np_per_res,0.29312605652716556,True,HEEH,3.438482942819121e-09
percent_core_SASA,0.2897510710784005,True,EEHEE,6.232440399666003e-38
abego_res_profile_penalty,0.2877540750953746,True,EHEE,1.546786774373828e-39
Mean_H_entropy,0.2860705250548417,False,EHEE,4.4233231113689706e-39
hbond_sr_bb_per_helix,0.2855845927752881,True,EEHEE,7.337521683155267e-37
frac_loop,0.2851488331906549,True,HHH,3.219646771412954e-15
frac_helix,0.2851488331906549,True,HHH,3.219646771412954e-15
nres_helix,0.2851488331906549,True,HHH,3.219646771412954e-15
nres_loop,0.2851488331906549,True,HHH,3.219646771412954e-15
fa_elec,0.2843454693809793,True,EEHEE,1.517201899306428e-36
hxl_tors,0.28417500353939446,True,HHH,3.219646771412954e-15
loop_sc,0.28227415960799085,True,EHEE,4.62283931062258e-38
fa_intra_atr_xover4,0.28072420493862266,True,HEEH,1.8709748750289634e-08
two_core_each,0.2789677934951884,True,HHH,3.219646771412954e-15
worstfrag,0.27705188950738247,True,HHH,3.219646771412954e-15
n_hphob_clusters,0.2755388810750233,True,HHH,3.219646771412954e-15
SumH_entropies,0.2752872939579437,False,EHEE,3.198845090896973e-36
fa_intra_rep_xover4,0.27523782471504654,True,EHEE,3.2950133544627354e-36
hphob_sc_degree,0.2721220951560799,True,EEHEE,1.6585555872456803e-33
tryp_cut_sites,0.2715036451126883,True,EEHEE,2.3438318700696992e-33
degree,0.26651243286728,True,HHH,3.219646771412954e-15
contig_not_hp_avg_norm,0.2664626193378994,True,EHEE,5.7967099003973425e-34
contact_all,0.26620534938464696,True,HEEH,1.2308871999433535e-07
contact_core_SASA,0.26620534938464696,True,HEEH,1.2308871999433535e-07
contact_core_SCN,0.26620534938464696,True,HEEH,1.2308871999433535e-07
worst6frags,0.26430080751119045,True,HHH,3.219646771412954e-15
E_max_entropy,0.2608854989213253,False,EEHEE,7.8585421110792175e-31
pack,0.25961117315786003,True,EEHEE,1.5547365433517605e-30
fa_intra_elec,0.25854168927357873,True,EHEE,5.338923698459033e-32
contact_core_SCN,0.25413573509167237,True,EHEE,6.2288860179661435e-31
contact_core_SASA,0.25413573509167237,True,EHEE,6.2288860179661435e-31
contact_all,0.25413573509167237,True,EHEE,6.2288860179661435e-31
n_polar_core,0.25355636566294215,True,EEHEE,3.7995899129819585e-29
nearest_tryp_cut_to_Cterm,0.25328326938853857,True,EEHEE,4.3809945556706725e-29
chymo_with_LM_cut_sites,0.25209725579411346,True,HEEH,6.936301777393794e-07
lk_ball_bridge_uncpl,0.25184259631608397,True,EHEE,2.2002209628494542e-30
ref,0.2508643399723993,True,HHH,3.219646771412954e-15
H_min_entropy,0.24884523121176957,False,HHH,3.219646771412954e-15
lk_ball_bridge,0.2460339497307384,True,EHEE,5.110850085483062e-29
hbond_sr_bb_per_helix,0.23870734698900076,True,HHH,3.219646771412954e-15
SumH_entropies,0.2373590692517257,False,HHH,3.219646771412954e-15
Mean_H_entropy,0.235466981749956,False,HHH,3.219646771412954e-15
AlaCount,0.23435588187122455,True,EEHEE,5.819232429650957e-25
exposed_np_AFILMVWY,0.2340770251621175,True,HHH,3.219646771412954e-15
holes,0.2323334131253701,True,EEHEE,1.5364833148233886e-24
E_range_entropy,0.23197175510119383,False,EEHEE,1.826183062983322e-24
buried_minus_exposed,0.23176453860372528,True,HEEH,7.04373058069141e-06
SumL_entropies,0.23168876086792567,False,HHH,3.219646771412954e-15
lk_ball_bridge,0.2313792436456018,True,EEHEE,2.422103453073844e-24
sum_best_frags,0.23119059936833386,True,HHH,3.219646771412954e-15
Tend_netq,0.2308357216871033,True,EHEE,1.3547976076186057e-25
hbond_bb_sc,0.22903780726782969,True,EHEE,3.329802563849483e-25
avg_best_frag,0.22762871156779957,True,HHH,3.219646771412954e-15
frac_sheet,0.22465419403432846,True,EHEE,2.8962108882337907e-24
nres_sheet,0.22465419403432846,True,EHEE,2.8962108882337907e-24
lk_ball_bridge_uncpl,0.22306592625585378,True,EEHEE,1.1801933136353202e-22
contig_not_hp_max,0.2212604975861137,True,EHEE,1.5018787145965087e-23
ss_contributes_core,0.22078221887573268,True,EEHEE,3.347939098297493e-22
net_atr_per_res,0.22024740509028864,True,HEEH,2.392537414419582e-05
hbond_sc,0.21959237343852728,True,EHEE,3.341940708170892e-23
contig_not_hp_internal_max,0.21846575132609486,True,EHEE,5.71630022920414e-23
tryp_cut_sites,0.21739870507607625,True,EHEE,9.479784520227591e-23
AlaCount,0.21456831968407772,True,EHEE,3.583500741665088e-22
frac_loop,0.21431299455944713,True,EHEE,4.0367480117200797e-22
nres_loop,0.21431299455944713,True,EHEE,4.0367480117200797e-22
bb,0.21404003880412734,True,EEHEE,6.830668359067094e-21
buried_np_AFILMVWY_per_res,0.21320125756354963,True,HEEH,4.896775345131221e-05
buried_np_AFILMVWY,0.21320125756354963,True,HEEH,4.896775345131221e-05
fa_intra_atr_xover4,0.2127162834638168,True,HHH,3.219646771412954e-15
hphob_sc_contacts,0.2103891179676762,True,HEEH,6.473356809155728e-05
Tminus1_netq,0.20914266078567798,True,EHEE,4.367118326487415e-21
nearest_tryp_cut_to_Cterm,0.20695377976931376,True,EHEE,1.1759889530091051e-20
E_min_entropy,0.2067283214546953,False,EEHEE,1.6176208667517194e-19
fa_intra_rep_xover4,0.20640890627350683,True,EEHEE,1.8528044928807955e-19
exposed_polars,0.2048766034949754,True,EHEE,2.981749405100706e-20
H_max_entropy,0.20484468785439658,False,EHEE,3.0244597952002e-20
T1_netq,0.20432233520358986,True,EHEE,3.815949610657039e-20
H_max_entropy,0.20391435522970103,False,EEHEE,5.310072062327448e-19
fa_atr,0.20384891986833734,True,EHEE,4.708436171786168e-20
fa_atr_per_res,0.20384891986833734,True,EHEE,4.708436171786168e-20
n_polar_core,0.20350658062740562,True,HHH,3.219646771412954e-15
nres_helix,0.20158556902395589,True,EHEE,1.2773881096650777e-19
frac_helix,0.20158556902395589,True,EHEE,1.2773881096650777e-19
H_range_entropy,0.20027018480270026,False,HHH,3.219646771412954e-15
SumE_entropies,0.19935094225609534,False,EHEE,3.38470239501616e-19
hbond_lr_bb,0.19819453221245603,True,EHEE,5.580475585415759e-19
bb,0.19671524227162762,True,EHEE,1.0534420880761964e-18
Tminus1_netq,0.19645557762255897,True,HHH,3.219646771412954e-15
nearest_tryp_cut_to_Nterm,0.1954242546102143,True,EHEE,1.8269885908786335e-18
mismatch_probability,0.19367963386122133,True,HHH,3.219646771412954e-15
L_range_entropy,0.19361144622533719,False,EHEE,3.9342172486349585e-18
L_min_entropy,0.19326090610631314,False,EHEE,4.559482473455159e-18
exposed_np_AFILMVWY,0.1930423242807716,True,HEEH,0.00033281971248810827
n_hydrophobic_noA,0.19100431300061615,True,HEEH,0.0003996000275152678
Mean_E_entropy,0.18997891440012427,False,EHEE,1.7907329594879725e-17
lk_ball,0.18992863923945097,True,EEHEE,1.5339942533640117e-16
H_min_entropy,0.18981454885114332,False,EHEE,1.9165368266481452e-17
H_max_entropy,0.18891890610929427,False,HEEH,0.0004808333643292473
exposed_total,0.18736289572734682,True,EHEE,5.2396442413499884e-17
worst6frags,0.18726661687826737,True,EHEE,5.449277107864266e-17
L_max_entropy,0.18454421273689384,False,EHEE,1.6385483472313288e-16
hydrophobicity,0.18242570737949665,True,HEEH,0.0008442106372515967
nearest_chymo_cut_to_Nterm,0.18217226038488418,True,EEHEE,2.986656007979114e-15
nearest_chymo_cut_to_Cterm,0.17736509896312347,True,EEHEE,1.767300218264717e-14
exposed_hydrophobics,0.1755533437603678,True,HEEH,0.001498543129298202
fa_intra_sol_xover4,0.1755486722970604,True,HHH,3.219646771412954e-15
hbond_lr_bb_per_sheet,0.1752769745674899,True,EHEE,7.66053886991358e-15
nearest_chymo_cut_to_Cterm,0.1732783544243803,True,HEEH,0.0018030985820423062
chymo_cut_sites,0.1730843700597248,True,EHEE,1.3100631690576847e-14
L_max_entropy,0.17169158870885862,False,EEHEE,1.3552644653624078e-13
fa_intra_atr_xover4,0.171372095942671,True,EHEE,2.3092638912203256e-14
netcharge,0.1704024408952222,True,EEHEE,2.1332453541107655e-13
percent_core_SCN,0.166590950693709,True,EEHEE,7.995669199757662e-13
res_count_core_SCN,0.166590950693709,True,EEHEE,7.995669199757662e-13
Tend_netq,0.1656787235421995,True,HHH,6.5503158452884236e-15
fa_intra_rep_xover4,0.16539488443370143,True,HEEH,0.0033589590877450837
nearest_chymo_cut_to_term,0.1650631151555366,True,HEEH,0.003445838124586431
contig_not_hp_avg,0.16436797952509596,True,HEEH,0.003634612661753134
nearest_tryp_cut_to_term,0.16421767317958505,True,EHEE,2.83550960489265e-13
fa_dun_rot,0.1632653196238583,True,HHH,1.2989609388114332e-14
hbond_sc,0.16314954503895981,True,HHH,1.3433698597964394e-14
L_range_entropy,0.16306293220171922,False,EEHEE,2.6449943097209265e-12
largest_hphob_cluster,0.1606237262429499,True,HEEH,0.004825224581337051
SumL_entropies,0.1603122626274232,False,EHEE,1.1326495297225847e-12
degree,0.16023566509003404,True,EHEE,1.163069640597314e-12
L_min_entropy,0.15966942381503268,False,EEHEE,8.160039610085552e-12
fa_dun_rot,0.1591544622967913,True,HEEH,0.005382960618621646
Mean_res_entropy,0.15871914023519698,False,EHEE,1.979527652906654e-12
S_PC,0.15799997446748754,False,EHEE,2.5424107263916085e-12
total_score,0.15740082468363428,True,HEEH,0.006125479844476089
n_hydrophobic,0.15738502614657882,True,HEEH,0.006132571317987945
score_per_res,0.15699006272019211,True,HEEH,0.006312392748665241
fa_elec,0.15582531401375269,True,HHH,1.9417800700693988e-13
hbond_sr_bb_per_helix,0.1543759534797623,True,EHEE,8.823941577418282e-12
chymo_cut_sites,0.1542253187354851,True,HEEH,0.007711843601034385
helix_sc,0.15421902434441814,True,HHH,3.5704772471945034e-13
net_atr_net_sol_per_res,0.1532616079751015,True,HEEH,0.008262357372129325
sum_best_frags,0.15285084601165932,True,HEEH,0.00850765861987468
helix_sc,0.1526195293932411,True,EHEE,1.5965118116412214e-11
contig_not_hp_max,0.15123939523200153,True,HEEH,0.009535078545006681
avg_best_frag,0.1503862742310062,True,HEEH,0.01012331123004695
buried_minus_exposed,0.15029819846847478,True,EHEE,3.457834019116035e-11
fa_intra_sol_xover4,0.15015440870765803,True,EEHEE,1.693060618146888e-10
fa_rep_per_res,0.14477029898298502,True,EEHEE,8.670702058466975e-10
exposed_hydrophobics,0.14421279236390533,True,HHH,1.4194090347530164e-11
L_min_entropy,0.14325285566283266,False,HHH,1.9985790800092218e-11
netcharge,0.14281877498143672,True,HEEH,0.01696056172870508
T1_absq,0.14231206196209853,True,EEHEE,1.7919510031788507e-09
H_range_entropy,0.14123190505587543,False,EEHEE,2.4555575034443203e-09
fa_intra_elec,0.14114413005355705,True,HEEH,0.0189434641281363
exposed_total,0.13859607107368688,True,HHH,1.0098666347602148e-10
hphob_sc_degree,0.138142408013018,True,HEEH,0.0230199484753959
nearest_chymo_cut_to_Nterm,0.1371786972526344,True,HEEH,0.024484511740609727
contig_not_hp_avg_norm,0.13690906997945165,True,HHH,1.7949075559187122e-10
fa_dun_semi,0.1359148142881969,True,HEEH,0.026529929498328997
loop_sc,0.13584557202367675,True,EEHEE,1.1399325742060547e-08
nearest_chymo_cut_to_Nterm,0.13559093936241062,True,EHEE,3.5024523281634856e-09
netcharge,0.1355505128843441,True,EHEE,3.5453902036408635e-09
ss_sc,0.13418075919018654,True,HHH,4.4686587763465013e-10
Tminus1_absq,0.13374875459625102,True,HHH,5.155197380091181e-10
SumL_entropies,0.1332922571369891,False,HEEH,0.03126107303729375
hxl_tors,0.13300788346999068,True,HEEH,0.031816164438909555
abego_res_profile_penalty,0.1322145402829974,True,EEHEE,3.102464761236056e-08
nearest_chymo_cut_to_term,0.13138635822968397,True,EEHEE,3.883599926277328e-08
p_aa_pp,0.13101726780100162,True,HEEH,0.03594977389099163
hbond_lr_bb,0.13000616142945162,True,HEEH,0.03822379151675381
H_range_entropy,0.12966899225301018,False,EHEE,1.9633234260574284e-08
holes,0.12931102579901102,True,HEEH,0.039859043533378546
avg_all_frags,0.12913653298268682,True,EHEE,2.283814370951376e-08
n_charged,0.12860833547635475,True,EEHEE,8.163981171796766e-08
hbond_lr_bb,0.1282848557580986,True,HHH,3.018684524569437e-09
H_min_entropy,0.12825297682350126,False,EEHEE,8.967667346017265e-08
hphob_sc_degree,0.12809501924513128,True,EHEE,3.064681242115341e-08
worstfrag,0.12787107783373652,True,EHEE,3.262871350884211e-08
nres_sheet,0.12779436624168602,True,HEEH,0.043639626103004314
frac_sheet,0.12779436624168602,True,HEEH,0.043639626103004314
rama_prepro,0.1275099925746876,True,HEEH,0.04438211734397868
hbond_sc,0.12733620866707743,True,HEEH,0.044841233441115236
fa_rep,0.127266939935865,True,EEHEE,1.1620814922565568e-07
bb,0.12623031107319463,True,HEEH,0.04786046663585575
fa_rep,0.1255825710539204,True,HEEH,0.04970924504902996
Mean_L_entropy,0.12517018863980078,False,HHH,7.99822263974903e-09
H_range_entropy,0.12487163688642432,False,HEEH,0.0518090430546424
omega,0.1246820544417587,True,HEEH,0.05238172190930712
fa_rep_per_res,0.12403431442248448,True,HEEH,0.05437969861516412
loop_sc,0.12297841035540813,True,HHH,1.564546958654489e-08
hbond_bb_sc,0.12126957043777746,True,HEEH,0.06366093919294724
buns_bb_heavy,0.12077302920462656,True,EEHEE,6.092884846443067e-07
ss_sc,0.12038898782737469,True,EHEE,2.502506059043341e-07
bb,0.11968578116089491,True,HHH,4.192386271473225e-08
Mean_L_entropy,0.1181730571749056,False,HEEH,0.07562835540085189
hbond_sc,0.11573056773639873,True,EEHEE,2.0777222407354624e-06
pack,0.11555428240266004,True,HHH,1.3902653261954612e-07
T1_netq,0.11333236001870543,True,EEHEE,3.6559472455881384e-06
contig_not_hp_avg_norm,0.11319651800243298,True,HEEH,0.09882147233878436
hbond_sr_bb,0.11234339700143767,True,HEEH,0.10333860858785004
two_core_each,0.11185364235271814,True,HEEH,0.10600814120571267
buried_over_exposed,0.11153458881498428,True,HHH,4.284987111802252e-07
omega,0.11124834836560005,True,EHEE,2.5478227158037825e-06
abego_res_profile_penalty,0.1103053857212822,True,HEEH,0.11482447305055132
Tend_absq,0.11013005607922682,True,EEHEE,7.632814814994338e-06
nearest_chymo_cut_to_term,0.10958957578868955,True,HHH,7.283018303994027e-07
holes,0.10945202972835534,True,EHEE,3.933085922502855e-06
avg_all_frags,0.10812518760762753,True,HEEH,0.128252693857962
buns_bb_heavy,0.10787241101474003,True,HEEH,0.12988925753765856
percent_core_SCN,0.10717727538429941,True,HEEH,0.13447714144331846
res_count_core_SCN,0.10717727538429941,True,HEEH,0.13447714144331846
fa_sol,0.10672617225742047,True,EEHEE,1.6309756097225654e-05
nres_loop,0.1065357089127211,True,EEHEE,1.7005656865439595e-05
abego_res_profile,0.10651373682796973,True,HEEH,0.13897826177426165
degree,0.10649793829091427,True,HEEH,0.13908658599980606
fa_dun_rot,0.10580194430082406,True,EHEE,9.299802709361593e-06
Mean_res_entropy,0.10489601961253679,False,EEHEE,2.429239435913151e-05
abego_res_profile_penalty,0.1045318803512667,True,HHH,2.7673454193744007e-06
Tminus1_absq,0.10430669653970624,True,EHEE,1.3124434773525984e-05
abego_res_profile,0.10290949433834738,True,EEHEE,3.714407227215362e-05
tryp_cut_sites,0.10256410256410256,True,HEEH,0.16834214381975232
buried_over_exposed,0.10046289713572523,True,HEEH,0.185854739158415
L_range_entropy,0.09869346098551274,False,HEEH,0.20167845296027465
abego_res_profile,0.0983448865342911,True,HHH,1.3006946286142629e-05
degree,0.0969688166297474,True,EEHEE,0.00012599530818667405
nearest_chymo_cut_to_Cterm,0.09691258952683258,True,HHH,1.8350298248481778e-05
fa_dun_semi,0.0966327458159065,True,HHH,1.9622046943945648e-05
buns_nonheavy,0.09630788189013698,True,HEEH,0.22463034904934032
hbond_lr_bb,0.09629181948817979,True,EEHEE,0.00014414662040833237
Tend_absq,0.09619161299519775,True,EHEE,7.798790110435938e-05
nearest_tryp_cut_to_term,0.09538370343711587,True,HHH,2.6374673282925087e-05
holes,0.09532151594579898,True,HHH,2.675079527958424e-05
fa_dun_dev,0.09505979746275495,True,HEEH,0.23740035084720368
Mean_L_entropy,0.09357559432242031,False,EHEE,0.00013429510148321722
frac_helix,0.0935747349795409,True,HEEH,0.2532925033431599
nres_helix,0.0935747349795409,True,HEEH,0.2532925033431599
E_max_entropy,0.09302398566774966,False,EHEE,0.00015034022526416724
pro_close,0.09254292590823508,True,HHH,5.0933793149354756e-05
one_core_each,0.09250852431729381,True,HHH,5.1304762272774695e-05
nearest_chymo_cut_to_Nterm,0.09239539600862157,True,HHH,5.2675226619780524e-05
fa_rep,0.09229219123579777,True,HHH,5.3891846405584864e-05
E_range_entropy,0.09202647834810497,False,HEEH,0.27068109130367024
fa_rep_per_res,0.09169677908489123,True,HHH,6.168044889787172e-05
rama_prepro,0.09141693537396514,True,HHH,6.569808701550883e-05
E_range_entropy,0.09057605603535401,False,EHEE,0.00024587323129821037
ref,0.09033603488316982,True,HEEH,0.2906353117736644
contig_not_hp_internal_max,0.08894576362228858,True,HEEH,0.3078107603256176
res_count_core_SASA,0.0886504790537651,True,EHEE,0.0003587922749823669
percent_core_SASA,0.0886504790537651,True,EHEE,0.0003587922749823669
nearest_tryp_cut_to_Nterm,0.08842441189945811,True,HEEH,0.3144296145039813
fa_dun_rot,0.08825011616781822,True,EEHEE,0.0006634082550900325
pro_close,0.08793450485011352,True,EHEE,0.00041203215099117063
T1_absq,0.08752360147609288,True,HHH,0.00015501472983259212
worst6frags,0.0870657377126878,True,HEEH,0.3321369500227235
nearest_tryp_cut_to_Cterm,0.08614753783844219,True,HHH,0.0002081087486495159
fxn_exposed_is_np,0.08602303426702687,True,HEEH,0.3461731331857095
fa_atr,0.08583263096751828,True,HHH,0.00022246822377525177
pro_close,0.08485394252492219,True,HEEH,0.3623684511603672
helix_sc,0.08472755422847844,True,HEEH,0.36414835829870906
pack,0.08447477763559094,True,HEEH,0.3677250154632449
fa_atr_per_res,0.08434674686647817,True,HHH,0.0003037910062230198
L_min_entropy,0.08412720982037063,False,HEEH,0.3726777085869618
tryp_cut_sites,0.08369311663859409,True,HHH,0.0003477951998219764
Tminus1_netq,0.08259772733504725,True,EEHEE,0.0017914187184561706
SumE_entropies,0.08245256489249096,False,HEEH,0.39713045383084755
nearest_chymo_cut_to_Cterm,0.08244501467055612,True,EHEE,0.0011470748636386308
n_charged,0.08244407425980346,True,HHH,0.0004491029616172648
ss_sc,0.08205760146610423,True,HEEH,0.40303538805848105
fa_elec,0.0809675024092769,True,HEEH,0.41960399734847276
hbond_sr_bb,0.08055667260297582,True,EHEE,0.0016068377742702866
n_polar_core,0.07960882822250659,True,HEEH,0.4407919183707273
worstfrag,0.07951403700017379,True,HEEH,0.4422921455941592
chymo_cut_sites,0.07881338327738664,True,HHH,0.0009239183905989101
mismatch_probability,0.07667030033018943,True,HEEH,0.48852935904489614
lk_ball_bridge_uncpl,0.07594356762563786,True,HEEH,0.500703122216182
nearest_tryp_cut_to_Cterm,0.07564339542158396,True,HEEH,0.5057741339459063
exposed_polars,0.07546650542023528,True,HHH,0.0017461178915885167
buns_nonheavy,0.0754479408837351,True,EEHEE,0.005728094909452712
two_core_each,0.07464829127700115,True,EEHEE,0.006480819295870147
exposed_total,0.07433211684598007,True,HEEH,0.5281691016076864
Tend_netq,0.07269993278200247,True,EEHEE,0.008707294727853324
hbond_lr_bb_per_sheet,0.07182014945416054,True,HEEH,0.5720761854907843
L_max_entropy,0.07121980504605274,False,HEEH,0.5827255695652785
ss_contributes_core,0.07019290013744728,True,HEEH,0.6010580409409274
nearest_tryp_cut_to_term,0.06926078645117462,True,HEEH,0.617796203707059
AlaCount,0.06915019669178633,True,HEEH,0.6197877676394277
Mean_res_entropy,0.0682654786166801,False,HEEH,0.635730797463173
S_PC,0.068060097634959,False,HEEH,0.6394377129573836
T1_absq,0.06707869758653925,True,EHEE,0.014189024335400036
SumH_entropies,0.06638545270707932,False,HEEH,0.6696780943693477
nearest_chymo_cut_to_term,0.06581643400164684,True,EHEE,0.017046186232001048
res_count_core_SASA,0.0652918721064579,True,EEHEE,0.023707223119551757
SumL_entropies,0.0652459237509273,False,EEHEE,0.0238544138019553
Tminus1_netq,0.06456862094570043,True,HEEH,0.7023395639173873
L_range_entropy,0.06445601161186008,False,HHH,0.011653148596074137
S_PC,0.06432917994784121,False,EEHEE,0.026975887621910943
E_max_entropy,0.06395247800053715,False,HEEH,0.7133385034884742
lk_ball_bridge,0.06314675261070825,True,HEEH,0.72763624504695
Tend_netq,0.06286237894370982,True,HEEH,0.7326531049166204
net_atr_per_res,0.062424994608212186,True,HHH,0.01601445372239796
ss_contributes_core,0.06235837434493148,True,EHEE,0.027699482295622357
one_core_each,0.062277833072657475,True,HEEH,0.7429092674473692
Tminus1_absq,0.061867071109215285,True,HEEH,0.7500696152337368
fa_intra_sol_xover4,0.06147210768282857,True,HEEH,0.7569136258862733
lk_ball_iso,0.06080856912649889,True,HEEH,0.7683135778513743
lk_ball,0.06063478521888873,True,HEEH,0.7712751509603182
res_count_core_SASA,0.06053999399655592,True,HEEH,0.7728856880616078
percent_core_SASA,0.06053999399655592,True,HEEH,0.7728856880616078
Mean_L_entropy,0.05958612389307077,False,EEHEE,0.049586599501830975
ss_contributes_core,0.05950350565443072,True,HHH,0.024837467087463816
Mean_H_entropy,0.059070730050397334,False,HEEH,0.7974696066347887
fa_dun_semi,0.058595520320688356,True,EHEE,0.045599311280570265
netcharge,0.05849130499788959,True,HHH,0.028775428231827327
fa_sol,0.057522473418961405,True,HEEH,0.8224221542117678
H_min_entropy,0.05731709243724031,False,HEEH,0.8256477193846599
E_min_entropy,0.05368317130826466,False,EHEE,0.0834284033602758
T1_netq,0.05286190498759815,True,HEEH,0.8896409983136166
E_min_entropy,0.052514337172377835,False,HEEH,0.8940855534317729
nres_loop,0.052387948875934086,True,HEEH,0.8956793732237567
frac_loop,0.052387948875934086,True,HEEH,0.8956793732237567
hbond_sr_bb_per_helix,0.05181920154193722,True,HEEH,0.9027048882760985
fxn_exposed_is_np,0.05091964714552799,True,HHH,0.07992529309009022
loop_sc,0.05065010979983253,True,HEEH,0.9163680834016846
Mean_E_entropy,0.05053952004044426,False,HEEH,0.9176074997550926
one_core_each,0.049507009738525794,True,EHEE,0.13373983884648077
exposed_polars,0.04843831461206692,True,HEEH,0.9392150698453242
L_max_entropy,0.047847982015906766,False,HHH,0.11620020153765354
buns_bb_heavy,0.047661419541956046,True,HHH,0.11879685110444016
H_max_entropy,0.04718310511406112,False,HHH,0.12561776596314989
net_sol_per_res,0.04455187449642163,True,HEEH,0.9694422851723888
Tminus1_absq,0.04359609616842592,True,EEHEE,0.27347621168982283
nearest_tryp_cut_to_Nterm,0.04260769351887258,True,HHH,0.20845019667710862
res_count_core_SCN,0.042073325120375156,True,EHEE,0.2814582877940448
percent_core_SCN,0.042073325120375156,True,EHEE,0.2814582877940448
n_charged,0.04177133197465915,True,HEEH,0.9835658371051447
lk_ball_bridge,0.04109137724123057,True,HHH,0.24364335692302364
T1_absq,0.04087081536249743,True,HEEH,0.9869358364568734
T1_netq,0.03986284350319339,True,HHH,0.27528436608892803
lk_ball_bridge_uncpl,0.0397755163877271,True,HHH,0.27761472688079947
one_core_each,0.03723373113245651,True,EEHEE,0.4616395137496849
buns_nonheavy,0.03632741846492162,True,HHH,0.3823153942922729
Tend_absq,0.036065437118522746,True,HHH,0.3911598094210865
n_hphob_clusters,0.032434396574877164,True,HEEH,0.9994626425219233
Tend_absq,0.031123117999273267,True,HEEH,0.999744615161978
chymo_with_LM_cut_sites,0.030686880688666925,True,HHH,0.5969122184218507
buns_bb_heavy,0.023013836494045606,True,EHEE,0.9278732947642926
pack,0.021814340335624877,True,EHEE,0.9520990521125148
n_polar_core,0.018738736438512392,True,EHEE,0.9888646353422494
buns_nonheavy,0.017301468757779437,True,EHEE,0.995811871792741
two_core_each,0.016477513303502847,True,EHEE,0.9978852733088412
buns_sc_heavy,0.01598615468278425,True,HHH,0.9967392172313841
buns_sc_heavy,0.010546523429271749,True,EHEE,0.9999999515523678
buns_sc_heavy,0.006398407507464809,True,HEEH,1.0
buns_sc_heavy,0.0005195128584990747,True,EEHEE,1.0
dslf_fa13,0.0,True,EEHEE,1.0
entropy,0.0,True,HHH,1.0
dslf_fa13,0.0,True,HHH,1.0
E_range_entropy,0.0,False,HHH,1.0
E_min_entropy,0.0,False,HHH,1.0
E_max_entropy,0.0,False,HHH,1.0
n_res,0.0,True,HHH,1.0
entropy,0.0,True,EEHEE,1.0
entropy,0.0,True,HEEH,1.0
hbond_lr_bb_per_sheet,0.0,True,HHH,1.0
entropy,0.0,True,EHEE,1.0
SumE_entropies,0.0,False,HHH,1.0
n_res,0.0,True,EHEE,1.0
nres_sheet,0.0,True,HHH,1.0
Mean_E_entropy,0.0,False,HHH,1.0
nres,0.0,True,EHEE,1.0
nres,0.0,True,HHH,1.0
nres,0.0,True,HEEH,1.0
n_res,0.0,True,HEEH,1.0
dslf_fa13,0.0,True,HEEH,1.0
frac_sheet,0.0,True,HHH,1.0
dslf_fa13,0.0,True,EHEE,1.0
